ID,CPF,Nome,Idade,Data_Cadastro
1,951.062.347-43,Gabriela Cardoso,28,2025-02-09
2,830.571.264-80,Beatriz Ribeiro,84,2024-08-05
3,907.631.854-93,Emilly Souza,90,2024-09-21
4,930.586.174-10,Sra. Lavínia Peixoto,51,2024-07-07
5,237.849.105-05,Thiago Araújo,21,2025-03-02
6,265.817.394-64,Sr. Vitor Gabriel Pires,88,2024-06-10
7,519.420.783-23,Srta. Sarah Jesus,9,2024-06-27
8,046.812.937-50,Srta. Lívia Costa,70,2025-04-20
9,571.980.342-41,Juan Novaes,93,2024-09-23
10,719.538.460-84,Nicolas Ribeiro,79,2024-12-18
11,935.867.102-59,Lara Ribeiro,32,2025-03-17
12,396.082.714-87,Vicente da Mota,13,2025-05-28
13,769.285.143-37,Cauã Jesus,6,2024-11-07
14,387.562.491-28,Catarina Silva,84,2025-03-30
15,379.062.845-00,Miguel Pinto,68,2024-11-10
16,650.914.378-00,Sra. Isadora da Conceição,53,2024-07-03
17,804.135.296-06,Enrico Duarte,63,2025-02-22
18,476.039.815-57,Ana Julia Silveira,42,2024-09-25
19,607.253.418-07,Arthur Oliveira,98,2025-01-21
20,052.974.168-76,Lara Carvalho,99,2024-10-23
21,150.728.934-05,Luna Castro,48,2025-01-09
22,326.971.458-00,Augusto Pereira,79,2024-10-09
23,697.548.021-49,Sr. Lucca das Neves,22,2024-07-18
24,659.783.421-64,Henrique Nascimento,100,2025-03-06
25,534.721.098-23,João Pedro Ribeiro,78,2024-08-01
26,753.421.086-08,Srta. Emilly Nogueira,21,2024-12-06
27,617.038.524-35,Evelyn Mendes,97,2024-10-02
28,167.389.524-73,João Lucas Aragão,26,2025-04-24
29,528.391.604-98,Maria Vitória Monteiro,7,2024-09-12
30,810.269.345-24,Srta. Nicole Moreira,31,2024-11-15
31,047.563.289-38,Dr. Gabriel Porto,67,2025-04-22
32,539.816.072-95,Dr. Francisco Cavalcanti,48,2024-12-31
33,894.265.173-91,Lorena da Rosa,23,2024-05-31
34,236.409.187-03,Vitor Gabriel Moreira,94,2024-08-30
35,031.824.795-04,Dr. João Felipe Moraes,97,2024-06-22
36,107.695.834-66,Maria Clara Cunha,31,2024-08-01
37,085.176.429-02,Bárbara Correia,56,2024-08-15
38,568.013.249-42,Pedro da Rocha,0,2025-03-23
39,431.590.286-15,Renan da Mota,94,2024-12-16
40,032.819.465-42,Dr. Bryan Rocha,72,2024-09-06
41,730.628.941-13,Sr. Ryan Fogaça,21,2025-01-02
42,341.697.852-82,Dra. Vitória Barros,70,2024-09-20
43,728.430.516-90,Giovanna Cardoso,36,2025-05-13
44,859.340.217-88,Ian Pires,3,2025-04-01
45,523.084.179-60,Igor Gomes,28,2024-07-12
46,614.593.870-66,Laura Barros,16,2024-12-20
47,163.975.028-21,Ryan da Rosa,8,2024-10-05
48,827.503.496-56,Kevin Souza,28,2024-12-09
49,816.405.972-20,Maria Julia Porto,58,2024-08-29
50,928.164.357-09,Srta. Yasmin Melo,57,2024-12-12
51,269.704.358-65,Lorenzo Novaes,92,2025-04-27
52,054.286.391-05,Alexia Martins,96,2025-03-20
53,961.730.458-93,Marcela Teixeira,90,2025-05-30
54,495.038.267-56,Rodrigo Novaes,13,2024-11-17
55,195.432.687-46,Sophia Gomes,13,2024-10-05
56,263.875.091-30,Diego Azevedo,89,2025-03-14
57,432.519.780-04,Yasmin Castro,34,2024-10-01
58,643.701.952-25,Raquel Pires,29,2025-04-25
59,672.813.590-12,Thales da Mata,29,2024-06-03
60,194.735.806-57,Murilo Ribeiro,75,2024-07-14
61,528.936.014-05,Noah Castro,85,2025-01-16
62,517.982.436-28,Luna Jesus,9,2024-10-23
63,036.479.281-78,Leandro Mendes,35,2024-09-22
64,397.516.204-06,Pedro Costa,88,2024-06-02
65,428.906.531-70,Sr. Rodrigo Alves,47,2025-04-12
66,284.590.376-65,Sra. Mariana Barbosa,56,2025-04-21
67,518.629.703-86,Pedro Lucas Moura,64,2025-03-13
68,675.309.128-95,Francisco Rezende,75,2025-04-15
69,742.980.135-88,Dr. Vitor Hugo Moraes,70,2024-11-16
70,249.375.108-60,Srta. Lavínia Farias,11,2024-09-01
71,312.965.870-02,Ana Carolina Rezende,82,2024-08-09
72,972.583.416-09,Cecília Sales,79,2024-12-28
73,193.254.068-70,Nathan Azevedo,60,2025-02-10
74,724.819.630-40,Maria Clara Ferreira,23,2025-05-03
75,537.694.821-82,Eduarda Silva,56,2025-03-22
76,658.409.312-33,Henrique da Paz,75,2024-09-02
77,571.624.803-90,João Pedro Fernandes,61,2025-05-19
78,327.098.461-87,João Guilherme Cunha,23,2024-11-26
79,109.356.247-16,Luiz Miguel Novaes,68,2025-02-19
80,809.536.417-75,Sophia Barbosa,82,2024-11-23
81,825.970.136-77,Maysa Caldeira,70,2024-09-02
82,605.924.873-00,Dra. Maria Alice Novaes,67,2024-12-23
83,049.217.385-05,Mariane Lopes,59,2024-12-08
84,751.639.840-39,Davi Lucca Cardoso,58,2024-12-21
85,279.486.130-13,Luiz Felipe Cardoso,90,2024-07-10
86,593.278.640-00,Sr. Lorenzo das Neves,75,2024-12-20
87,745.932.801-41,Raquel da Costa,67,2024-09-06
88,365.482.907-47,Levi Gomes,60,2024-06-13
89,206.491.357-25,André Martins,86,2025-03-12
90,268.719.350-02,Maria da Rosa,45,2024-08-11
91,802.753.619-77,Stella da Luz,32,2024-08-26
92,805.142.796-30,Maitê Silva,70,2024-10-07
93,078.395.641-00,Sra. Isadora Caldeira,76,2024-06-11
94,921.745.683-73,Maria Julia Lima,7,2024-11-23
95,214.870.396-03,Alexandre Carvalho,89,2025-04-15
96,850.724.613-35,Vitor Ramos,37,2024-11-01
97,075.398.261-77,Maria Fernanda Costa,85,2025-01-05
98,439.527.601-61,Matheus Moraes,18,2024-06-09
99,357.291.860-02,Sra. Melissa Fogaça,83,2024-10-16
100,183.079.425-60,Sofia Cardoso,98,2025-04-21
101,392.510.768-12,Nicole da Rosa,83,2024-08-14
102,136.824.905-15,Dr. Caio Melo,46,2024-10-05
103,103.782.469-50,Dr. Luiz Miguel Duarte,48,2024-06-07
104,106.973.542-61,Alexia Carvalho,12,2024-08-06
105,052.697.314-52,Brenda Castro,33,2024-11-30
106,980.612.354-98,Daniel Rocha,20,2024-09-06
107,019.278.534-60,Miguel Sales,25,2024-09-28
108,286.904.537-92,Agatha da Paz,73,2024-08-20
109,213.794.850-88,Ana Lívia Nunes,8,2024-12-25
110,803.945.726-29,Dra. Gabrielly Costa,73,2024-09-28
111,897.652.041-67,Luiza Pinto,4,2024-09-22
112,479.530.126-34,Matheus da Conceição,48,2025-02-17
113,169.305.482-51,Sabrina Teixeira,10,2025-01-28
114,024.576.819-01,Cauã Rezende,94,2025-02-23
115,540.967.823-00,Nathan Gonçalves,2,2024-09-19
116,251.398.476-55,Diego Farias,53,2024-07-29
117,069.174.238-31,Ana Vitória da Rosa,29,2025-02-08
118,564.908.712-11,Luiz Felipe Mendes,57,2025-04-15
119,236.917.408-04,Igor Fernandes,85,2024-06-22
120,360.592.874-92,Srta. Pietra Lima,87,2024-06-15
121,456.793.208-00,Fernanda Ramos,14,2025-02-10
122,167.943.250-80,Ryan Silva,29,2024-06-16
123,265.890.413-42,Pedro Lopes,14,2025-05-13
124,024.517.938-05,Thiago Pinto,64,2025-01-18
125,205.413.869-05,Caio Almeida,93,2025-05-19
126,934.027.168-87,Marcela Jesus,67,2025-03-19
127,218.460.793-22,Dr. Vicente Almeida,27,2024-07-15
128,753.920.618-77,Rebeca da Rocha,10,2024-10-03
129,962.435.180-51,Alícia Silveira,67,2025-01-13
130,120.384.965-60,Dra. Ana Lívia Novaes,91,2024-05-31
131,726.509.834-00,Stephany Cardoso,79,2024-08-25
132,310.875.246-44,Emanuel Melo,0,2024-09-15
133,706.248.395-83,Sr. Enzo Gabriel da Paz,19,2024-07-29
134,685.273.910-40,Nina Pires,47,2024-10-30
135,905.137.826-21,Nathan Ribeiro,46,2024-10-18
136,806.531.294-24,Sra. Lívia Oliveira,86,2024-08-30
137,845.093.671-39,Sr. Erick Santos,33,2025-01-28
138,834.106.295-05,Sr. Luiz Fernando Ferreira,100,2024-06-18
139,043.976.281-22,Luiz Miguel Rodrigues,57,2024-07-26
140,231.960.857-59,Dra. Stephany Dias,71,2025-01-27
141,092.756.418-11,Juan Pereira,28,2024-08-10
142,160.784.925-94,Caio da Costa,3,2024-11-16
143,026.894.157-20,Brenda Carvalho,37,2024-07-03
144,695.837.012-03,Lorena Souza,48,2024-12-16
145,687.205.134-53,Sr. Kaique Vieira,56,2024-07-26
146,652.078.439-74,Maria Dias,47,2025-04-26
147,956.380.721-95,João Pedro Cavalcanti,16,2025-02-15
148,839.657.041-84,Thomas Rocha,96,2025-05-14
149,298.306.514-60,Júlia Martins,67,2024-12-11
150,890.135.467-57,Gustavo da Rosa,83,2025-03-16
151,475.309.621-16,Ana Clara Caldeira,80,2025-05-16
152,561.487.903-00,Ana Júlia Pires,66,2025-04-24
153,810.256.473-35,Srta. Juliana Cardoso,58,2024-11-17
154,135.478.926-19,Samuel Cavalcanti,0,2025-04-29
155,708.651.934-01,Antônio Porto,97,2024-09-26
156,768.549.012-94,Emanuelly Jesus,89,2025-03-24
157,618.239.547-82,Sophie Ramos,98,2024-07-08
158,485.731.209-32,Sr. Joaquim Sales,14,2024-12-15
159,127.654.980-67,Ana Sophia Jesus,19,2025-05-08
160,684.291.750-67,Antônio Mendes,46,2025-03-09
161,935.617.842-91,Vitória Barbosa,90,2025-03-16
162,854.972.163-82,Elisa Costa,92,2025-03-19
163,903.172.648-69,Gabriel Nogueira,65,2025-01-19
164,920.368.471-96,Stella Almeida,93,2025-03-15
165,140.928.675-49,Stephany Moreira,84,2024-08-12
166,052.793.168-30,Sr. Pedro Henrique Sales,33,2025-04-27
167,753.812.490-04,Esther das Neves,14,2025-01-11
168,235.140.896-98,Manuela Dias,98,2025-02-08
169,768.109.234-03,Mirella Vieira,43,2024-06-19
170,308.176.549-84,Nicolas Fogaça,63,2024-08-22
171,516.947.280-30,Bernardo Barbosa,18,2025-05-21
172,394.725.186-64,Luiz Gustavo Nogueira,17,2024-10-30
173,819.037.652-77,Maria Eduarda Costela,70,2025-05-16
174,570.391.864-20,João Felipe da Luz,12,2025-03-23
175,932.716.485-73,Ryan Pinto,6,2024-08-11
176,742.560.193-16,Sra. Alícia Mendes,0,2025-01-03
177,571.098.642-94,Amanda Duarte,50,2025-05-22
178,928.376.105-77,Juliana Moraes,35,2025-05-21
179,308.514.962-70,Helena Rocha,14,2024-12-04
180,537.086.491-84,Daniel Costela,30,2024-10-08
181,297.418.306-96,João Guilherme Moraes,74,2024-09-16
182,480.359.716-20,Juan Pires,64,2025-03-19
183,256.071.894-49,João Lucas Souza,82,2024-08-02
184,806.135.742-90,Sra. Maria Vitória Alves,76,2024-11-27
185,923.456.081-70,Dr. Felipe da Mata,46,2024-10-14
186,847.951.023-41,Gabriela da Luz,38,2025-02-19
187,376.429.805-74,Pedro Gomes,70,2024-11-10
188,180.679.542-67,Eloah Castro,54,2024-07-10
189,708.316.524-62,Sra. Laura Lopes,24,2024-12-29
190,542.093.681-05,Júlia da Cruz,91,2025-01-13
191,569.071.243-43,Lorena Pinto,35,2025-05-05
192,649.127.058-02,Heitor Ribeiro,47,2025-04-18
193,148.762.935-46,Dra. Natália Castro,96,2025-01-15
194,196.370.452-52,Gabriela Teixeira,34,2024-09-10
195,978.312.456-00,Sr. Thomas Monteiro,78,2025-02-01
196,175.803.269-30,Amanda Viana,86,2024-10-07
197,653.490.271-07,Davi Pinto,58,2024-09-18
198,984.316.702-31,Maria Luiza Moreira,67,2025-05-11
199,650.138.974-75,Sr. Murilo Campos,75,2025-03-26
200,792.618.340-78,Joaquim Vieira,92,2024-07-06
201,974.235.186-46,Davi Lucas Porto,52,2025-04-13
202,256.174.903-70,Maysa da Cunha,67,2024-08-08
203,682.379.410-04,Thomas Pinto,16,2025-05-21
204,190.567.248-94,Luiz Otávio Cavalcanti,89,2024-05-31
205,150.396.728-02,Júlia Costa,83,2024-08-15
206,307.268.149-03,Carlos Eduardo Azevedo,18,2025-03-21
207,013.289.465-33,Emilly Vieira,54,2024-08-21
208,195.720.638-12,Thales da Mata,56,2025-03-14
209,234.157.908-60,Miguel Gonçalves,78,2025-03-19
210,785.369.210-21,Helena Farias,41,2024-10-04
211,870.956.143-93,Vitor Gabriel Teixeira,75,2024-12-05
212,521.467.039-70,Bryan Porto,75,2024-07-05
213,504.893.167-00,Eduarda Almeida,9,2024-05-31
214,960.873.452-56,Sr. Henrique Campos,70,2024-09-09
215,235.780.694-00,João Miguel Silva,85,2024-07-15
216,841.273.065-80,Maria Vitória Peixoto,48,2025-01-24
217,375.291.468-82,Maitê da Costa,25,2025-04-25
218,013.794.568-00,Isadora Farias,16,2024-08-13
219,195.204.783-88,Sr. Leandro Fogaça,50,2024-06-05
220,012.795.648-49,Emanuella Silva,86,2025-03-03
221,475.231.089-97,Carlos Eduardo Duarte,20,2024-08-15
222,032.954.786-00,Fernando Dias,76,2025-04-20
223,591.072.486-01,Alice Gonçalves,42,2025-04-18
224,692.308.741-40,Pedro Henrique Lima,86,2025-02-21
225,764.902.831-31,Sarah Pires,32,2024-11-19
226,621.530.497-25,Kaique Teixeira,61,2024-10-29
227,053.978.416-84,Cauê Moreira,98,2024-08-16
228,398.456.702-29,Emanuelly Carvalho,51,2024-12-24
229,324.167.905-52,Sr. Luiz Gustavo Oliveira,43,2024-08-12
230,247.681.059-20,Caroline Costa,96,2025-04-04
231,073.596.481-57,Ian Fernandes,32,2024-06-11
232,859.674.302-29,Dr. Leandro Campos,25,2025-05-28
233,684.795.201-67,Heloísa Santos,48,2024-06-27
234,698.132.705-86,Arthur da Cruz,69,2024-07-16
235,236.874.195-09,Paulo Rocha,65,2024-12-02
236,410.325.968-05,Mariane da Conceição,78,2025-03-16
237,406.723.895-92,Isis Azevedo,62,2024-08-01
238,472.053.618-26,Dra. Ana Lívia da Rosa,77,2024-09-06
239,856.041.327-80,Marcela Cardoso,3,2024-10-22
240,254.361.870-80,Kaique Barbosa,12,2024-08-26
241,695.784.231-28,Gustavo Henrique Carvalho,9,2024-12-26
242,823.569.470-00,Ana Carolina Peixoto,0,2024-09-04
243,362.948.017-96,Ana Vitória Oliveira,86,2024-09-24
244,815.907.463-84,Sra. Julia Moura,21,2025-02-16
245,341.576.820-17,Ana Nascimento,23,2025-03-03
246,549.760.283-56,Yago Freitas,92,2024-09-17
247,923.801.564-33,Cauã Alves,28,2024-07-01
248,273.604.581-53,Dr. Antônio Rocha,64,2025-01-04
249,896.174.032-69,Sr. Nicolas Mendes,22,2025-02-28
250,023.914.768-50,Laís Duarte,72,2025-05-18
251,237.851.640-17,Luana Pinto,45,2024-10-16
252,642.718.590-01,Enrico Nunes,31,2024-09-26
253,652.370.914-07,Júlia da Cunha,73,2024-10-29
254,064.831.297-69,Leonardo Novaes,35,2024-06-14
255,672.305.948-47,Mariane Fogaça,64,2024-09-15
256,096.248.517-94,Srta. Heloísa Viana,19,2025-04-26
257,943.507.281-04,Pedro Miguel Barros,67,2025-04-03
258,572.386.104-26,Cauã Sales,81,2024-07-23
259,370.584.261-71,Maria Sophia Araújo,20,2024-10-12
260,804.576.319-10,Dr. Enzo Lopes,38,2025-03-26
261,827.315.496-37,Milena Nascimento,20,2025-02-17
262,483.571.960-39,Matheus Nascimento,49,2025-02-21
263,481.365.790-75,Ana Julia Silveira,82,2025-03-11
264,578.962.041-85,Srta. Manuela Cardoso,46,2025-02-15
265,719.302.485-04,Nina Santos,47,2025-05-25
266,024.813.976-22,Maria Sophia Fogaça,11,2025-05-23
267,378.640.592-10,Heloísa Duarte,65,2024-06-09
268,721.649.038-03,Pedro Miguel Martins,6,2025-04-04
269,129.058.637-30,Helena Gomes,66,2024-06-03
270,384.029.576-92,Sabrina Pereira,26,2024-12-04
271,986.403.517-75,Sr. Cauê da Paz,65,2024-09-21
272,253.409.681-89,Caio da Paz,45,2024-08-13
273,861.437.905-66,Brenda Monteiro,35,2024-08-14
274,498.367.102-13,Elisa Rocha,26,2024-08-17
275,438.671.590-84,Juliana Fernandes,67,2024-12-16
276,154.876.923-19,Luiz Miguel Viana,9,2024-12-28
277,187.045.263-17,Eloah Alves,57,2024-08-22
278,703.249.168-50,Beatriz Castro,88,2025-01-30
279,039.812.576-77,Alana Peixoto,31,2024-11-18
280,418.736.529-09,Nathan Oliveira,85,2024-12-20
281,156.907.243-43,Isis Cardoso,39,2025-05-16
282,210.768.453-71,Sr. Heitor Nunes,78,2025-04-22
283,384.250.971-50,João Oliveira,36,2025-01-08
284,460.389.127-03,Noah Costela,18,2025-01-26
285,306.841.572-17,Sophia Pires,53,2024-06-18
286,048.195.623-98,Sr. Diego da Mata,37,2025-03-19
287,980.637.245-00,Kaique da Mota,68,2025-01-04
288,864.092.735-92,Dr. Felipe Mendes,21,2025-05-23
289,479.530.126-34,Lara Cunha,82,2024-11-03
290,286.097.514-49,Rodrigo Rocha,24,2024-12-09
291,715.462.083-80,Enzo Gabriel Moraes,68,2024-09-06
292,731.524.096-99,Maria Eduarda Dias,3,2025-01-31
293,742.106.385-44,Dra. Evelyn Lima,45,2024-08-01
294,652.873.109-86,Enzo da Cunha,98,2024-09-16
295,941.807.356-01,Felipe Pereira,58,2025-02-07
296,542.170.683-44,Vitor Silva,31,2024-12-22
297,359.271.684-00,Julia Silveira,100,2024-10-10
298,467.189.250-20,Mirella Nascimento,69,2024-09-16
299,495.260.783-65,Dra. Clarice Souza,93,2025-02-17
300,012.589.764-20,Luiz Fernando Rezende,82,2024-09-14
301,125.043.769-52,Caroline Moraes,84,2024-09-18
302,092.148.637-50,Otávio Almeida,4,2025-02-14
303,043.726.915-99,Marcos Vinicius Nascimento,97,2024-06-09
304,649.208.135-89,Alícia Novaes,20,2025-03-04
305,568.379.214-28,João Guilherme Campos,65,2025-04-13
306,817.963.245-82,Nicole Pires,82,2024-08-03
307,640.123.587-07,Ian Jesus,57,2025-05-25
308,685.742.910-30,Stephany Rezende,89,2024-07-13
309,516.204.873-90,Ian da Luz,70,2025-02-25
310,135.864.792-55,Yuri Lopes,86,2024-11-28
311,054.291.763-70,Luiza Almeida,64,2024-07-27
312,451.869.370-10,Lucas Santos,26,2024-08-17
313,562.413.789-37,Marcelo Costela,46,2024-09-26
314,417.509.236-61,Sra. Evelyn Costela,95,2024-07-12
315,759.381.624-91,Ana Júlia da Mota,54,2025-05-22
316,502.831.647-35,Sr. João Felipe Araújo,81,2025-01-04
317,830.269.174-78,Sr. Arthur Porto,66,2024-08-02
318,815.920.467-11,Marcos Vinicius da Paz,36,2024-08-29
319,097.128.346-03,Cecília Souza,22,2024-12-19
320,298.531.706-12,Marcos Vinicius Cavalcanti,26,2024-08-02
321,632.518.947-73,Vinicius Monteiro,46,2024-08-27
322,670.854.291-94,Dr. Vitor Cardoso,50,2024-12-27
323,624.735.098-83,Antônio Gomes,47,2025-01-04
324,632.198.745-09,Marcos Vinicius Ramos,95,2025-02-08
325,739.068.214-04,Gustavo Cardoso,25,2024-12-19
326,830.146.795-93,Dr. Anthony Silva,73,2025-03-05
327,082.169.574-67,Agatha Peixoto,23,2025-02-12
328,721.869.504-30,Luiz Henrique Freitas,80,2024-09-22
329,236.894.570-92,Lorenzo Barros,88,2024-10-04
330,286.039.514-89,Noah Cardoso,24,2024-10-02
331,831.072.456-07,Ana Luiza Correia,93,2024-08-02
332,836.109.547-01,Dra. Helena Pereira,82,2024-10-31
333,172.309.845-05,Emanuella Caldeira,78,2024-11-15
334,712.308.659-77,Dr. Bruno Campos,68,2024-11-23
335,318.076.529-12,Pedro Miguel Rodrigues,70,2024-11-11
336,857.910.263-40,João Guilherme Nogueira,18,2024-06-21
337,326.409.587-47,Stella Barros,42,2024-07-25
338,710.629.348-22,Marcelo Martins,54,2024-06-18
339,270.351.689-40,Alana Cavalcanti,76,2024-12-27
340,261.054.397-25,Pedro Miguel Peixoto,5,2024-05-31
341,415.098.237-60,João Costela,21,2025-01-21
342,734.218.590-60,Carolina da Conceição,88,2024-10-19
343,521.478.936-09,Srta. Gabriela das Neves,9,2024-06-27
344,510.924.683-15,Anthony Silveira,81,2024-11-19
345,485.193.026-70,Nina Duarte,47,2024-11-10
346,385.942.610-98,Pedro Moura,73,2025-05-06
347,675.928.401-11,Manuela Moreira,94,2025-01-28
348,286.903.145-98,Sr. Calebe da Rocha,42,2025-05-18
349,280.341.957-23,Davi Nunes,87,2025-04-26
350,706.845.219-11,Julia Caldeira,13,2024-07-24
351,254.681.379-09,Laura Viana,4,2025-03-30
352,657.204.138-71,Alícia da Rocha,59,2025-04-19
353,746.510.382-71,Vitor Gabriel Gomes,75,2025-02-12
354,028.136.759-03,Srta. Alícia Souza,32,2024-10-30
355,738.650.219-21,Paulo Costa,10,2024-10-17
356,169.852.047-67,Brenda Gonçalves,2,2025-05-26
357,201.596.387-12,Ana Luiza Ferreira,33,2025-03-15
358,509.346.278-00,Júlia Viana,99,2025-02-04
359,304.259.786-56,Gabriel Castro,45,2024-10-04
360,296.057.318-86,Maria Cecília Porto,21,2024-12-30
361,925.437.810-05,Sr. Pedro Miguel Silva,33,2024-09-10
362,904.682.713-50,Joana Carvalho,18,2024-10-20
363,728.693.504-65,Maria Cecília Pereira,64,2025-03-12
364,320.791.485-32,Dr. Samuel Nascimento,95,2025-03-03
365,436.975.021-07,Thiago Cunha,59,2024-06-11
366,639.201.475-61,Dr. Eduardo Azevedo,13,2024-07-26
367,490.265.873-92,Gabriel da Rosa,10,2024-09-14
368,574.136.209-52,Carlos Eduardo da Paz,33,2024-06-16
369,160.327.894-03,Vitor Hugo Martins,83,2024-06-19
370,806.425.379-92,Luiz Gustavo Costa,42,2024-09-07
371,908.247.156-67,Maria Julia da Costa,5,2025-05-12
372,813.920.764-04,Laís Campos,99,2024-10-01
373,765.839.142-55,Nina Souza,39,2025-01-29
374,981.603.427-13,Elisa Caldeira,100,2024-11-29
375,123.087.564-62,Nicolas Lima,81,2025-02-28
376,135.820.964-24,Ana Beatriz Souza,98,2024-07-07
377,537.649.120-06,Erick Rodrigues,48,2024-06-05
378,409.285.167-76,Lavínia Ribeiro,83,2024-10-18
379,319.680.752-59,Maria Cecília Cardoso,18,2025-05-19
380,589.736.420-65,Srta. Esther Pinto,47,2024-06-03
381,482.306.197-78,Melissa Teixeira,52,2025-04-14
382,127.860.395-68,Juliana Moreira,14,2025-03-13
383,430.518.629-24,Beatriz da Conceição,86,2024-11-15
384,530.918.724-32,Sr. Juan Freitas,1,2024-06-28
385,906.143.275-80,Sra. Manuela Pereira,23,2024-10-21
386,524.968.037-29,Rafael Azevedo,88,2025-04-10
387,471.695.238-09,Henrique da Rosa,27,2024-07-12
388,910.834.527-97,Isabel Porto,12,2024-12-11
389,714.260.385-26,Giovanna da Conceição,1,2025-02-06
390,498.572.306-10,Enrico da Mota,12,2024-10-27
391,208.643.591-60,Otávio da Mata,1,2025-05-05
392,712.658.430-07,Arthur Lopes,82,2024-06-07
393,580.239.761-68,Dr. Luiz Felipe Jesus,58,2024-10-24
394,408.256.139-06,Srta. Gabriela Araújo,79,2024-10-04
395,312.854.976-19,Luiz Miguel da Mata,96,2024-11-26
396,259.610.873-95,João Miguel da Paz,55,2024-07-18
397,569.843.710-66,Lívia Santos,15,2024-12-24
398,825.760.931-59,Guilherme Martins,56,2025-01-14
399,965.873.421-91,Bianca Pinto,77,2024-10-18
400,841.567.923-82,Vitória Moura,46,2024-06-12
401,342.975.086-56,Sophia Castro,21,2024-10-20
402,569.310.427-34,Calebe Lima,39,2024-10-13
403,934.587.062-83,Igor Sales,14,2025-05-03
404,283.764.150-26,Felipe Vieira,63,2024-10-20
405,049.856.312-05,Larissa Ferreira,80,2025-05-03
406,418.639.205-60,Dr. Juan da Paz,74,2025-04-28
407,375.920.148-23,Vitor Gabriel Costela,52,2024-12-10
408,237.561.490-99,Isaac Martins,16,2024-12-01
409,832.675.149-91,Sra. Sarah Rocha,80,2024-09-13
410,164.075.239-07,Davi Luiz Porto,97,2024-10-12
411,639.142.780-13,Pedro Henrique Aragão,61,2024-06-25
412,538.012.476-35,Luana Caldeira,76,2024-06-18
413,610.547.392-34,Srta. Juliana Moreira,33,2025-03-13
414,930.861.527-02,Isabelly Cunha,27,2024-09-28
415,237.560.948-47,João Lucas Oliveira,48,2024-12-28
416,524.093.178-04,Dra. Nicole Barbosa,3,2024-11-24
417,301.276.489-50,Pedro Henrique da Mata,8,2025-01-08
418,810.675.429-49,Mariane Castro,37,2025-02-11
419,092.874.361-69,Laís da Conceição,34,2025-01-06
420,283.460.915-24,Isabelly Moreira,88,2024-12-31
421,173.490.265-52,Luiz Henrique Alves,62,2025-03-10
422,164.357.902-99,Ana Castro,15,2025-01-29
423,756.108.493-57,Luigi Rocha,70,2025-03-14
424,269.873.104-40,Benício Rodrigues,96,2024-08-14
425,785.162.034-17,Vicente Silveira,97,2024-12-29
426,628.751.934-73,Sr. Pedro Miguel Rocha,62,2025-02-19
427,568.173.942-28,Davi Luiz Dias,20,2025-01-18
428,459.730.182-88,Catarina Monteiro,42,2024-08-07
429,049.358.276-29,Elisa Nascimento,38,2025-01-05
430,718.640.953-93,Mirella Dias,86,2025-05-04
431,341.960.278-22,Sr. Guilherme Nogueira,51,2025-03-22
432,795.143.682-82,Kamilly Rodrigues,17,2025-02-24
433,480.126.597-94,Matheus Castro,76,2024-10-18
434,591.762.340-61,Srta. Maria Cecília Porto,25,2024-09-29
435,068.197.354-48,Srta. Fernanda da Cruz,82,2024-10-29
436,760.825.913-21,Davi Lucca Caldeira,15,2024-09-23
437,978.613.405-20,Ana Clara Cardoso,67,2024-09-23
438,217.683.590-59,Isaac Farias,84,2025-04-11
439,793.682.451-00,João Gabriel Alves,89,2025-04-09
440,480.137.965-66,Marcela da Rosa,5,2025-01-30
441,750.916.438-93,Kevin Moraes,99,2025-05-27
442,835.976.041-10,Matheus Azevedo,10,2024-12-22
443,136.582.094-70,Nicole Vieira,85,2024-07-23
444,847.609.521-01,Dr. Pedro da Mata,18,2024-08-17
445,689.034.751-00,Luiz Henrique Sales,28,2024-11-26
446,437.019.826-78,Larissa Freitas,67,2024-08-05
447,284.570.319-88,Guilherme Souza,42,2024-11-23
448,832.670.941-78,Anthony da Cunha,74,2024-11-05
449,152.864.907-94,Maria Alice Carvalho,38,2024-07-30
450,196.480.327-69,Nathan Monteiro,23,2024-12-17
451,239.146.578-55,Heloísa Campos,71,2024-12-03
452,350.769.124-80,Dr. Vicente Lopes,37,2025-04-20
453,836.591.740-84,Dr. Heitor Cavalcanti,18,2024-08-26
454,075.843.261-53,Vitor Hugo Melo,11,2025-04-11
455,628.957.041-20,Ana Sophia Viana,86,2024-07-05
456,254.036.981-24,João Guilherme Cardoso,45,2024-12-05
457,428.536.107-80,Sr. Daniel Viana,82,2025-03-14
458,419.850.672-85,Igor Castro,70,2025-04-18
459,826.730.954-38,Thiago Caldeira,96,2024-12-20
460,849.156.723-28,Gabrielly Costela,75,2024-09-03
461,860.423.975-83,Sr. Lucca Moura,23,2024-10-30
462,725.634.981-55,Alice Costa,94,2025-04-16
463,028.945.716-58,Nicolas da Rocha,65,2024-06-19
464,902.136.874-96,Sra. Lavínia Novaes,37,2025-03-06
465,364.108.759-75,Joaquim Cunha,53,2024-10-29
466,052.896.137-30,Cauê Teixeira,95,2025-01-23
467,392.651.480-98,Alana da Luz,71,2025-03-03
468,509.483.217-41,Davi Lucca Gonçalves,31,2024-08-23
469,095.734.186-57,Mariana Dias,55,2025-04-12
470,847.925.301-05,Calebe Pinto,6,2025-04-02
471,610.435.297-99,Sarah Lima,98,2024-12-29
472,951.026.473-34,Esther Monteiro,31,2025-03-28
473,528.670.149-30,Srta. Nina Cardoso,9,2024-06-19
474,342.795.081-60,Gabriel Vieira,100,2025-04-09
475,795.283.146-19,Enzo Gabriel Santos,12,2024-11-13
476,784.056.192-67,Maria Fernanda Novaes,2,2025-03-14
477,415.086.279-67,Sr. Noah Ribeiro,99,2024-10-25
478,614.830.295-06,Vitor Barbosa,84,2024-09-18
479,647.082.513-35,Bianca Pinto,27,2024-10-22
480,327.610.489-03,Camila Nogueira,16,2024-11-12
481,874.219.530-60,Júlia Viana,64,2024-09-21
482,750.314.286-35,Srta. Ana Luiza Costa,21,2024-08-28
483,409.371.286-78,Kamilly Santos,9,2024-09-05
484,827.109.643-50,Ana Carolina Cardoso,88,2024-12-30
485,643.827.901-31,Marina Pereira,78,2024-10-12
486,209.758.634-10,Fernanda Aragão,51,2024-11-19
487,983.042.176-78,Ana Vitória Cardoso,64,2025-04-05
488,629.173.850-30,João Guilherme Costa,8,2024-08-23
489,829.504.763-92,Valentina Melo,3,2024-06-10
490,051.634.892-24,Ryan da Costa,74,2024-06-05
491,742.369.805-92,Dra. Vitória Rezende,25,2024-08-24
492,750.284.963-74,Dr. Antônio da Luz,41,2025-05-06
493,736.240.918-40,Srta. Sophie Novaes,5,2024-06-13
494,641.302.895-51,Enzo Gabriel Oliveira,9,2025-03-19
495,671.485.923-64,Beatriz Jesus,29,2024-12-11
496,630.128.945-51,Vinicius da Mota,13,2024-06-02
497,025.736.189-86,Vitor Cardoso,56,2025-04-20
498,297.054.816-01,Juliana Oliveira,84,2024-08-02
499,790.281.536-59,Davi Lucas Ramos,51,2025-04-18
500,962.871.340-03,Dra. Rafaela Azevedo,65,2024-09-22
